time,latitude,longitude,depth,mag,magType,nst,gap,dmin,rms,net,id,updated,place,type,horizontalError,depthError,magError,magNst,status,locationSource,magSource
2019-11-06T18:31:02.560Z,19.1580009,-155.4618378,34.48,1.79,md,38,126,0.002589,0.1,hv,hv71218961,2019-11-06T18:34:14.540Z,"5km SSE of Pahala, Hawaii",earthquake,0.63,0.91,0.15,5,automatic,hv,hv
2019-11-06T18:24:29.700Z,33.9716667,-117.1845,0.39,1.09,ml,10,70,0.1768,0.27,ci,ci38226938,2019-11-06T18:28:19.673Z,"6km NE of Moreno Valley, CA",earthquake,0.77,31.61,0.305,15,automatic,ci,ci
2019-11-06T18:20:26.790Z,60.4441,-143.6643,1.30,1.50,ml,,,,0.29,ak,ak019e8zfqdc,2019-11-06T18:25:30.958Z,"80km WNW of Cape Yakataga, Alaska",earthquake,,0.6,,,automatic,ak,ak
2019-11-06T18:19:12.910Z,36.004,-96.77816667,5.81,1.61,ml,55,78,0.022495586,0.22,ok,ok2019vtys,2019-11-06T18:33:37.884Z,"2km NNW of Cushing, Oklahoma",earthquake,,0.4,0.22,23,reviewed,ok,ok
2019-11-06T18:18:36.780Z,35.8738333,-117.6891667,9.50,0.64,ml,9,94,0.08959,0.06,ci,ci38226890,2019-11-06T18:22:14.449Z,"21km ESE of Little Lake, CA",earthquake,0.21,0.46,0.142,9,automatic,ci,ci
2019-11-06T18:12:24.530Z,19.1896667,-155.4068298,37.51,1.89,md,29,204,0.04839,0.1,hv,hv71218951,2019-11-06T18:15:39.320Z,"7km ESE of Pahala, Hawaii",earthquake,0.86,0.74,0.27,3,automatic,hv,hv
2019-11-06T18:02:07.830Z,35.6916667,-117.4951667,1.41,0.56,ml,10,139,0.09187,0.15,ci,ci38226826,2019-11-06T18:05:51.443Z,"12km SW of Searles Valley, CA",earthquake,0.44,0.57,0.14,8,automatic,ci,ci
2019-11-06T17:58:37.980Z,36.6399994,-121.3048325,10.18,1.58,md,7,109,0.03013,0.15,nc,nc73301430,2019-11-06T18:34:02.701Z,"17km S of Tres Pinos, CA",earthquake,0.87,1.82,0.17,7,automatic,nc,nc
2019-11-06T17:55:08.320Z,33.2783333,-116.756,4.77,0.85,ml,29,53,0.0423,0.16,ci,ci38226698,2019-11-06T18:13:50.220Z,"4km N of Lake Henshaw, CA",earthquake,0.23,0.64,0.142,25,reviewed,ci,ci
2019-11-06T17:27:55.790Z,37.6305008,-119.0508347,0.55,1.33,md,14,174,0.02123,0.02,nc,nc73301405,2019-11-06T18:30:02.677Z,"6km W of Mammoth Lakes, CA",earthquake,0.39,0.59,0.27,13,automatic,nc,nc
2019-11-06T17:24:17.344Z,57.9559,-156.2882,136.20,3.40,ml,,,,0.79,ak,ak019e8yv4vv,2019-11-06T17:38:01.919Z,"84km SSE of King Salmon, Alaska",earthquake,,0.6,,,automatic,ak,ak
2019-11-06T17:14:49.240Z,38.7745018,-122.7409973,0.54,1.93,md,10,75,0.05402,0.1,nc,nc73301395,2019-11-06T18:03:04.373Z,"1km ESE of The Geysers, CA",earthquake,0.32,1.24,0.18,11,automatic,nc,nc
2019-11-06T17:04:22.700Z,36.0041667,-117.5485,5.93,0.74,ml,18,67,0.07218,0.12,ci,ci38226522,2019-11-06T17:37:36.630Z,"29km NNW of Searles Valley, CA",earthquake,0.23,0.56,0.085,7,reviewed,ci,ci
2019-11-06T16:41:14.480Z,35.9331667,-117.6806667,3.29,0.77,ml,11,70,0.02864,0.08,ci,ci38935959,2019-11-06T16:45:01.222Z,"20km E of Little Lake, CA",earthquake,0.2,0.46,0.16,9,automatic,ci,ci
2019-11-06T16:31:19.320Z,35.7055,-117.5373333,9.62,1.34,ml,23,71,0.08721,0.16,ci,ci38935943,2019-11-06T17:20:50.080Z,"14km WSW of Searles Valley, CA",earthquake,0.3,0.75,0.142,18,reviewed,ci,ci
2019-11-06T16:24:08.920Z,35.9275,-117.7205,7.15,0.62,ml,11,90,0.06044,0.26,ci,ci38935919,2019-11-06T16:27:35.533Z,"17km E of Little Lake, CA",earthquake,0.91,2.39,0.237,4,automatic,ci,ci
2019-11-06T16:21:59.280Z,35.5666656,-120.8525009,7.25,1.92,md,13,94,0.07058,0.03,nc,nc73301385,2019-11-06T17:38:03.585Z,"13km W of Templeton, CA",earthquake,0.32,0.7,0.44,4,automatic,nc,nc
2019-11-06T16:14:29.940Z,35.8983333,-117.6923333,4.17,0.68,ml,14,73,0.06005,0.06,ci,ci38935895,2019-11-06T16:18:06.662Z,"20km ESE of Little Lake, CA",earthquake,0.18,0.37,0.06,8,automatic,ci,ci
2019-11-06T16:10:55.636Z,-10.7905,166.0552,109.88,5.00,mww,,65,4.761,1.02,us,us700063yt,2019-11-06T16:28:04.040Z,"25km ESE of Lata, Solomon Islands",earthquake,9.8,6.6,0.08,15,reviewed,us,us
2019-11-06T16:04:37.600Z,35.7225,-117.5318333,6.54,1.00,ml,21,73,0.1047,0.15,ci,ci38935879,2019-11-06T17:20:42.473Z,"13km WSW of Searles Valley, CA",earthquake,0.29,0.97,0.135,12,reviewed,ci,ci
2019-11-06T15:59:25.580Z,19.1595001,-155.472168,35.39,1.89,md,33,158,0.01033,0.11,hv,hv71218806,2019-11-06T16:02:39.090Z,"5km S of Pahala, Hawaii",earthquake,0.62,0.74,0.24,3,automatic,hv,hv
2019-11-06T15:58:44.250Z,38.3658,-115.8517,0.20,1.60,ml,12,194.24,0.194,0.21,nn,nn00709734,2019-11-06T16:33:14.224Z,"49km ENE of Warm Springs, Nevada",earthquake,,8.2,,,automatic,nn,nn
2019-11-06T15:55:56.590Z,35.8996667,-117.7396667,9.16,0.56,ml,9,116,0.08045,0.06,ci,ci38935855,2019-11-06T17:21:00.269Z,"16km ESE of Little Lake, CA",earthquake,0.23,0.6,0.073,3,reviewed,ci,ci
2019-11-06T15:42:29.600Z,37.642334,-118.94133,5.24,0.71,md,10,66,0.0237,0.02,nc,nc73301360,2019-11-06T16:42:03.233Z,"3km E of Mammoth Lakes, CA",earthquake,1.22,1.98,0.19,10,automatic,nc,nc
2019-11-06T15:41:44.376Z,64.5169,-148.5889,16.50,1.10,ml,,,,0.32,ak,ak019e8xryxy,2019-11-06T16:04:42.482Z,"26km ESE of North Nenana, Alaska",earthquake,,0.2,,,automatic,ak,ak
2019-11-06T15:39:31.390Z,33.1896667,-116.5321667,6.22,0.50,ml,18,125,0.09698,0.35,ci,ci38935839,2019-11-06T15:43:15.581Z,"14km NNE of Julian, CA",earthquake,0.84,1.96,0.149,6,automatic,ci,ci
2019-11-06T15:33:46.130Z,35.8201667,-117.656,2.62,1.18,ml,21,93,0.04774,0.19,ci,ci38935831,2019-11-06T15:37:16.439Z,"22km N of Ridgecrest, CA",earthquake,0.27,0.4,0.119,16,automatic,ci,ci
2019-11-06T15:29:22.810Z,33.5268333,-116.526,13.77,0.58,ml,23,53,0.03087,0.15,ci,ci38935799,2019-11-06T15:33:10.648Z,"14km ESE of Anza, CA",earthquake,0.34,0.41,0.164,15,automatic,ci,ci
2019-11-06T15:28:35.474Z,69.5739,-144.2656,0.00,1.60,ml,,,,1.13,ak,ak019e8xp5yx,2019-11-06T15:40:57.989Z,"66km SSW of Kaktovik, Alaska",earthquake,,0.9,,,automatic,ak,ak
2019-11-06T15:26:05.960Z,36.753,-115.8208,3.40,0.80,ml,11,264.91,0.276,0.11,nn,nn00709730,2019-11-06T15:35:33.746Z,"62km NNE of Pahrump, Nevada",earthquake,,1.4,,,automatic,nn,nn
2019-11-06T15:25:13.890Z,19.2175007,-155.4251709,33.08,2.24,ml,55,134,0.03286,0.14,hv,hv71218761,2019-11-06T15:30:57.140Z,"5km ENE of Pahala, Hawaii",earthquake,0.46,0.75,3.41,7,automatic,hv,hv
2019-11-06T15:14:09.246Z,63.6768,-148.098,88.10,1.50,ml,,,,0.34,ak,ak019e8xm3wd,2019-11-06T15:19:13.923Z,"47km ESE of Healy, Alaska",earthquake,,0.7,,,automatic,ak,ak
2019-11-06T15:11:31.740Z,35.8593333,-117.6983333,3.49,0.90,ml,13,73,0.0741,0.19,ci,ci38935767,2019-11-06T15:15:14.806Z,"21km ESE of Little Lake, CA",earthquake,0.33,1.23,0.183,11,automatic,ci,ci
2019-11-06T14:53:36.780Z,35.66,-117.4481667,4.63,0.96,ml,15,88,0.07032,0.2,ci,ci38935751,2019-11-06T14:57:12.839Z,"13km SSW of Searles Valley, CA",earthquake,0.46,0.87,0.12,11,automatic,ci,ci
2019-11-06T14:38:10.050Z,35.8631667,-117.6696667,10.36,0.62,ml,8,91,0.07535,0.08,ci,ci38935735,2019-11-06T14:56:49.974Z,"23km ESE of Little Lake, CA",earthquake,0.28,0.75,0.131,4,reviewed,ci,ci
2019-11-06T14:26:19.440Z,37.5475006,-118.8690033,7.79,1.66,md,23,147,0.05298,0.02,nc,nc73301350,2019-11-06T15:48:02.902Z,"14km SE of Mammoth Lakes, CA",earthquake,0.41,0.96,0.17,20,automatic,nc,nc
2019-11-06T14:22:15.421Z,60.1733,-141.5637,1.20,1.30,ml,,,,1.3,ak,ak019e8x2dm6,2019-11-06T14:30:44.854Z,"49km ENE of Cape Yakataga, Alaska",earthquake,,5.3,,,automatic,ak,ak
2019-11-06T14:21:48.560Z,35.924,-117.6991667,1.09,1.42,ml,20,45,0.04622,0.21,ci,ci38935711,2019-11-06T14:25:18.957Z,"19km E of Little Lake, CA",earthquake,0.26,0.48,0.178,22,automatic,ci,ci
2019-11-06T14:21:43.210Z,36.2261658,-120.3388367,6.26,2.62,md,34,112,0.2097,0.15,nc,nc73301345,2019-11-06T15:43:53.493Z,"10km N of Coalinga, CA",earthquake,0.33,1.26,0.2,32,automatic,nc,nc
2019-11-06T14:14:38.300Z,35.847168,-117.6638336,9.37,0.97,ml,14,113,0.06236,0.07,ci,ci38935703,2019-11-06T14:18:21.917Z,"24km ESE of Little Lake, CA",earthquake,0.38,0.87,0.168,5,automatic,ci,ci
2019-11-06T14:12:08.500Z,37.5805016,-119.0126648,1.55,1.41,md,17,210,0.03182,0.04,nc,nc73301340,2019-11-06T15:05:02.644Z,"7km SSW of Mammoth Lakes, CA",earthquake,0.58,1.07,0.28,15,automatic,nc,nc
2019-11-06T14:04:05.587Z,12.2273,-88.0567,41.81,4.50,mb,,164,1.114,0.55,us,us700063xp,2019-11-06T14:26:06.040Z,"87km SW of Jiquilillo, Nicaragua",earthquake,8.1,14.4,0.093,34,reviewed,us,us
2019-11-06T14:01:56.760Z,36.2161674,-120.3363342,1.09,2.24,md,12,126,0.2133,0.3,nc,nc73301335,2019-11-06T14:38:03.479Z,"9km NNE of Coalinga, CA",earthquake,1.11,5.42,0.3,6,automatic,nc,nc
2019-11-06T14:00:47.580Z,36.2201653,-120.3341675,5.83,2.39,md,24,114,0.2065,0.32,nc,nc73301330,2019-11-06T14:23:02.938Z,"9km NNE of Coalinga, CA",earthquake,0.62,2.21,0.1,17,automatic,nc,nc
2019-11-06T13:49:49.270Z,19.4041672,-155.2686615,0.21,1.96,md,18,60,0.006395,0.11,hv,hv71218611,2019-11-06T13:52:55.150Z,"4km SW of Volcano, Hawaii",earthquake,0.19,0.25,0.21,13,automatic,hv,hv
2019-11-06T13:49:32.660Z,19.1871662,-155.4380035,32.37,2.45,ml,33,207,0.06303,0.15,hv,hv71218606,2019-11-06T13:55:15.960Z,"4km ESE of Pahala, Hawaii",earthquake,0.89,0.8,0.36,8,automatic,hv,hv
2019-11-06T13:42:20.059Z,36.46633333,-96.7935,0.00,0.58,ml,10,165,0.026094879,0.1,ok,ok2019vtpo,2019-11-06T15:24:34.463Z,"14km N of Pawnee, Oklahoma",quarry blast,,0.1,0.15,5,reviewed,ok,ok
2019-11-06T13:40:08.790Z,33.5055,-116.7476667,3.25,0.28,ml,16,121,0.06037,0.32,ci,ci38935639,2019-11-06T13:43:53.689Z,"9km SW of Anza, CA",earthquake,0.63,1.92,0.175,6,automatic,ci,ci
2019-11-06T13:33:03.617Z,66.402,-157.5417,16.50,3.00,ml,,,,0.79,ak,ak019e8wjb3d,2019-11-06T14:22:04.040Z,"63km SSW of Kobuk, Alaska",earthquake,,3.1,,,automatic,ak,ak
2019-11-06T13:29:37.310Z,35.5763333,-117.3546667,2.08,1.97,ml,30,111,0.0519,0.18,ci,ci38935607,2019-11-06T13:40:26.490Z,"21km S of Trona, CA",earthquake,0.28,0.42,0.229,26,automatic,ci,ci
2019-11-06T13:29:06.520Z,35.6236667,-117.442,2.89,1.63,ml,25,80,0.04057,0.18,ci,ci38935599,2019-11-06T13:33:01.623Z,"16km SSW of Searles Valley, CA",earthquake,0.24,0.38,0.109,23,automatic,ci,ci
2019-11-06T13:23:47.160Z,39.2190018,-122.8588333,5.72,1.73,md,14,138,0.09547,0.05,nc,nc73301315,2019-11-06T13:53:03.341Z,"8km NE of Upper Lake, CA",earthquake,0.41,0.9,0.23,7,automatic,nc,nc
2019-11-06T13:23:17.191Z,36.4474,69.0593,51.34,4.30,mb,,75,1.341,0.95,us,us700063xa,2019-11-06T13:42:11.040Z,"26km S of Khanabad, Afghanistan",earthquake,5.2,16.4,0.238,5,reviewed,us,us
2019-11-06T13:19:24.480Z,19.1865005,-155.4550018,34.27,2.01,md,47,159,0.07427,0.12,hv,hv71218581,2019-11-06T13:22:35.970Z,"3km SE of Pahala, Hawaii",earthquake,0.61,0.94,0.15,12,automatic,hv,hv
2019-11-06T13:16:14.829Z,38.3096,141.8649,38.12,4.10,mwr,,154,0.955,0.72,us,us700063x7,2019-11-06T13:39:12.040Z,"50km ESE of Ishinomaki, Japan",earthquake,8,8,0.089,12,reviewed,us,us
2019-11-06T13:10:15.130Z,19.3274994,-155.0501709,4.23,2.55,ml,33,206,0.0743,0.28,hv,hv71218571,2019-11-06T13:15:58.010Z,"20km SW of Leilani Estates, Hawaii",earthquake,0.92,1.6,0.2,3,automatic,hv,hv
2019-11-06T13:03:39.220Z,39.2347,-120.0948,11.60,0.50,ml,9,101.23,0.039,0.13,nn,nn00709725,2019-11-06T13:30:32.487Z,"3km W of Tahoe Vista, California",earthquake,,1.3,,,automatic,nn,nn
2019-11-06T13:01:33.180Z,45.8538333,-111.36,6.00,0.36,ml,5,198,0.314,0.06,mb,mb80370999,2019-11-06T16:38:43.910Z,"2km W of Manhattan, Montana",earthquake,1.11,5.9,0.05,2,reviewed,mb,mb
2019-11-06T12:59:22.980Z,35.8056667,-117.7535,5.36,0.53,ml,10,89,0.00969,0.18,ci,ci38935575,2019-11-06T13:02:51.455Z,"18km NNE of Inyokern, CA",earthquake,0.59,0.66,0.211,6,automatic,ci,ci
2019-11-06T12:56:00.200Z,35.6923333,-117.5215,6.74,0.96,ml,20,140,0.08014,0.17,ci,ci38935567,2019-11-06T14:57:52.045Z,"14km SW of Searles Valley, CA",earthquake,0.37,0.86,0.189,11,reviewed,ci,ci
2019-11-06T12:53:51.440Z,33.4868333,-116.4126667,9.30,0.95,ml,38,78,0.03806,0.21,ci,ci38935559,2019-11-06T14:59:40.050Z,"22km SSW of La Quinta, CA",earthquake,0.24,0.59,0.191,26,reviewed,ci,ci
2019-11-06T12:50:31.360Z,35.8991667,-117.7216667,7.60,0.82,ml,14,79,0.07558,0.2,ci,ci38935551,2019-11-06T12:54:14.402Z,"17km ESE of Little Lake, CA",earthquake,0.53,1.32,0.256,11,automatic,ci,ci
2019-11-06T12:49:31.350Z,35.899334,-117.7429962,7.30,1.65,ml,27,39,0.07855,0.19,ci,ci38935535,2019-11-06T12:53:43.397Z,"15km ESE of Little Lake, CA",earthquake,0.29,0.81,0.237,12,automatic,ci,ci
2019-11-06T12:49:28.080Z,35.902,-117.7403333,8.06,0.37,ml,16,60,0.0786,0.1,ci,ci38935527,2019-11-06T12:53:06.830Z,"16km ESE of Little Lake, CA",earthquake,0.23,0.61,0.095,3,automatic,ci,ci
2019-11-06T12:42:37.900Z,35.8955002,-117.6878357,2.66,1.37,ml,27,48,0.06049,0.12,ci,ci38935519,2019-11-06T12:46:06.355Z,"20km ESE of Little Lake, CA",earthquake,0.23,0.38,0.158,7,automatic,ci,ci
2019-11-06T12:38:41.970Z,34.2725,-118.4211667,8.42,1.15,ml,26,50,0.07477,0.18,ci,ci38935503,2019-11-06T14:59:25.795Z,"2km ESE of San Fernando, CA",earthquake,0.29,0.93,0.202,30,reviewed,ci,ci
2019-11-06T12:31:24.050Z,36.0393333,-117.771,0.86,0.59,ml,11,167,0.01484,0.1,ci,ci38935495,2019-11-06T12:34:56.568Z,"16km E of Coso Junction, CA",earthquake,0.4,0.29,0.076,7,automatic,ci,ci
2019-11-06T12:26:34.810Z,35.8893333,-117.6935,1.67,0.74,ml,13,75,0.06812,0.15,ci,ci38935487,2019-11-06T12:30:09.695Z,"20km ESE of Little Lake, CA",earthquake,0.24,0.48,0.134,9,automatic,ci,ci
2019-11-06T12:24:29.110Z,38.7801666,-122.7243347,1.14,1.18,md,9,105,0.03162,0.06,nc,nc73301310,2019-11-06T12:54:02.944Z,"3km E of The Geysers, CA",earthquake,0.48,0.83,0.07,5,automatic,nc,nc
2019-11-06T12:23:36.416Z,27.1393,54.895,10.00,4.40,mb,,98,2.482,0.64,us,us700063wv,2019-11-06T12:56:56.040Z,"64km N of Bandar-e Lengeh, Iran",earthquake,8.1,1.9,0.126,18,reviewed,us,us
2019-11-06T12:16:37.820Z,35.8153333,-117.6473333,4.36,1.06,ml,22,72,0.0405,0.17,ci,ci38935479,2019-11-06T12:20:20.244Z,"22km N of Ridgecrest, CA",earthquake,0.28,0.62,0.131,13,automatic,ci,ci
2019-11-06T12:14:52.880Z,36.0758333,-117.8706667,1.00,0.78,ml,13,110,0.04358,0.09,ci,ci38935471,2019-11-06T14:59:56.280Z,"8km ENE of Coso Junction, CA",earthquake,0.23,0.19,0.147,10,reviewed,ci,ci
2019-11-06T11:53:29.499Z,63.5357,-147.28,0.00,1.80,ml,,,,0.75,ak,ak019e8vgryh,2019-11-06T12:00:06.240Z,"84km ENE of Cantwell, Alaska",earthquake,,0.3,,,automatic,ak,ak
2019-11-06T11:52:17.120Z,35.9188333,-117.6883333,8.65,0.66,ml,13,77,0.04231,0.08,ci,ci38935455,2019-11-06T14:59:58.311Z,"20km E of Little Lake, CA",earthquake,0.25,0.47,0.199,6,reviewed,ci,ci
2019-11-06T11:49:51.237Z,-20.8504,-178.3899,533.25,4.20,mb,,115,4.563,1.02,us,us700063wp,2019-11-06T12:31:34.040Z,"39km SE of Ndoi Island, Fiji",earthquake,14,7.6,0.049,118,reviewed,us,us
2019-11-06T11:42:54.960Z,35.8961667,-117.6718333,3.98,0.25,ml,8,88,0.05448,0.08,ci,ci38935447,2019-11-06T15:00:13.971Z,"22km ESE of Little Lake, CA",earthquake,0.29,1.21,0.086,4,reviewed,ci,ci
2019-11-06T11:37:54.950Z,33.9848333,-116.9305,5.48,0.99,ml,43,64,0.06457,0.2,ci,ci38935439,2019-11-06T15:00:44.240Z,"8km NE of Beaumont, CA",earthquake,0.24,0.69,0.265,28,reviewed,ci,ci
2019-11-06T11:37:45.350Z,33.254,-117.4541667,13.68,0.75,ml,16,181,0.1392,0.17,ci,ci38935431,2019-11-06T11:41:34.038Z,"8km WNW of Camp Pendleton South, CA",earthquake,0.53,1.11,0.112,6,automatic,ci,ci
2019-11-06T11:37:21.530Z,37.167,-117.4102,7.50,0.30,ml,9,146.58,0.164,0.09,nn,nn00709720,2019-11-06T12:17:52.015Z,"62km SSW of Goldfield, Nevada",earthquake,,10.1,,,automatic,nn,nn
2019-11-06T11:35:30.230Z,19.1905003,-155.4481659,34.40,2.15,ml,57,129,0.03731,0.11,hv,hv71218481,2019-11-06T11:41:12.960Z,"3km ESE of Pahala, Hawaii",earthquake,0.42,0.65,0.09,3,automatic,hv,hv
2019-11-06T11:33:15.446Z,60.131,-142.6754,22.60,1.60,ml,,,,0.81,ak,ak019e8vcgk8,2019-11-06T11:40:01.474Z,"15km WNW of Cape Yakataga, Alaska",earthquake,,0.4,,,automatic,ak,ak
2019-11-06T11:30:17.560Z,38.8238335,-122.8560028,2.40,0.74,md,7,117,0.003768,0.01,nc,nc73301300,2019-11-06T12:02:03.636Z,"10km WNW of The Geysers, CA",earthquake,0.65,0.73,0.16,2,automatic,nc,nc
2019-11-06T11:20:26.080Z,35.3301667,-118.0185,6.37,1.01,ml,21,52,0.1545,0.17,ci,ci38935415,2019-11-06T15:00:25.105Z,"23km N of California City, CA",earthquake,0.27,1.23,0.129,17,reviewed,ci,ci
2019-11-06T10:45:59.661Z,60.3293,-152.1908,89.90,1.50,ml,,,,0.47,ak,ak019e8utoym,2019-11-06T10:49:42.348Z,"35km ESE of Redoubt Volcano, Alaska",earthquake,,1.3,,,automatic,ak,ak
2019-11-06T10:28:59.730Z,36.0691667,-117.8596667,1.73,1.08,ml,17,124,0.04847,0.08,ci,ci38935391,2019-11-06T15:00:40.108Z,"8km ENE of Coso Junction, CA",earthquake,0.18,0.2,0.246,14,reviewed,ci,ci
2019-11-06T10:15:32.840Z,35.6533333,-84.3211667,11.58,1.66,md,7,139,0.1032,0.05,se,se60093623,2019-11-06T14:23:00.890Z,"8km S of Loudon, Tennessee",earthquake,0.37,0.88,0.046,6,reviewed,se,se
2019-11-06T09:50:14.630Z,35.7075,-117.5671667,2.44,0.67,ml,16,124,0.08529,0.2,ci,ci38935375,2019-11-06T09:53:42.254Z,"14km NE of Ridgecrest, CA",earthquake,0.34,0.52,0.138,8,automatic,ci,ci
2019-11-06T09:46:52.959Z,63.6105,-147.4925,0.00,1.70,ml,,,,0.8,ak,ak019e8u8gk2,2019-11-06T09:56:52.780Z,"76km ENE of Cantwell, Alaska",earthquake,,0.3,,,automatic,ak,ak
2019-11-06T09:44:50.330Z,33.3503333,-116.9485,16.62,0.46,ml,22,51,0.07193,0.16,ci,ci38935367,2019-11-06T15:01:14.113Z,"8km W of Palomar Observatory, CA",earthquake,0.31,0.66,0.114,10,reviewed,ci,ci
2019-11-06T09:43:20.839Z,36.443,-98.7895,8.52,0.95,ml,20,213,0.011697705,0.1,ok,ok2019vthr,2019-11-06T15:36:45.150Z,"33km NW of Fairview, Oklahoma",earthquake,,0.3,0.19,6,reviewed,ok,ok
2019-11-06T09:41:37.780Z,19.3513336,-155.1728363,4.53,1.75,md,13,183,0.04605,0.08,hv,hv71218381,2019-11-06T09:44:46.330Z,"11km SE of Volcano, Hawaii",earthquake,0.74,1.33,,3,automatic,hv,hv
2019-11-06T09:32:05.740Z,35.6631667,-117.4371667,2.44,0.69,ml,17,92,0.07788,0.21,ci,ci38935359,2019-11-06T15:01:39.116Z,"12km SSW of Searles Valley, CA",earthquake,0.38,0.5,0.038,8,reviewed,ci,ci
2019-11-06T09:28:23.170Z,35.6035,-117.405,6.76,2.00,ml,33,79,0.04961,0.18,ci,ci38935351,2019-11-06T09:32:12.127Z,"18km S of Trona, CA",earthquake,0.32,0.54,0.185,25,automatic,ci,ci
2019-11-06T09:20:42.002Z,59.2157,-136.3113,6.20,2.10,ml,,,,0.55,ak,ak019e8u2v2l,2019-11-06T09:32:47.347Z,"49km W of Haines, Alaska",earthquake,,0.3,,,automatic,ak,ak
2019-11-06T09:11:43.120Z,60.7919,-151.1164,35.50,2.10,ml,,,,0.68,ak,ak019e8u0xqi,2019-11-06T09:23:54.896Z,"14km NE of Nikiski, Alaska",earthquake,,4.2,,,automatic,ak,ak
2019-11-06T09:05:59.280Z,35.6265,-117.4496667,7.82,2.08,ml,35,51,0.0412,0.15,ci,ci38935343,2019-11-06T09:16:20.920Z,"16km SSW of Searles Valley, CA",earthquake,0.23,0.48,0.17,26,automatic,ci,ci
2019-11-06T09:02:46.250Z,35.8531667,-117.7405,1.41,0.63,ml,10,87,0.04872,0.24,ci,ci38935335,2019-11-06T09:06:27.605Z,"18km ESE of Little Lake, CA",earthquake,0.45,0.82,0.165,7,automatic,ci,ci
2019-11-06T08:56:20.020Z,33.5021667,-116.7873333,6.33,0.16,ml,12,108,0.01489,0.1,ci,ci38935327,2019-11-06T15:01:54.118Z,"10km NE of Aguanga, CA",earthquake,0.31,0.8,0.13,5,reviewed,ci,ci
2019-11-06T08:54:48.530Z,35.776,-117.6146667,10.11,1.25,ml,26,105,0.04204,0.15,ci,ci38935319,2019-11-06T15:02:09.879Z,"18km NNE of Ridgecrest, CA",earthquake,0.25,0.54,0.103,16,reviewed,ci,ci
2019-11-06T08:51:16.130Z,36.6385002,-121.3034973,9.34,1.58,md,10,108,0.02901,0.13,nc,nc73301280,2019-11-06T10:34:03.101Z,"17km S of Tres Pinos, CA",earthquake,0.63,1.04,0.19,7,automatic,nc,nc
2019-11-06T08:48:52.770Z,36.6643333,-121.2910004,7.93,2.36,md,44,66,0.04821,0.07,nc,nc73301275,2019-11-06T10:08:02.952Z,"14km S of Tres Pinos, CA",earthquake,0.19,0.57,0.23,35,automatic,nc,nc
2019-11-06T08:46:57.230Z,35.6293333,-117.4385,7.35,0.80,ml,17,130,0.0469,0.18,ci,ci38935311,2019-11-06T15:02:54.110Z,"16km SSW of Searles Valley, CA",earthquake,0.44,0.87,0.118,8,reviewed,ci,ci
2019-11-06T08:44:21.320Z,19.4044991,-155.2644958,0.39,2.19,ml,26,37,0.006391,0.11,hv,hv71218311,2019-11-06T08:50:00.840Z,"4km SW of Volcano, Hawaii",earthquake,0.14,0.2,0.31,14,automatic,hv,hv
2019-11-06T08:41:55.740Z,19.4076672,-155.2561646,-0.99,2.05,ml,12,81,0.005622,0.23,hv,hv71218306,2019-11-06T08:47:42.460Z,"3km SW of Volcano, Hawaii",earthquake,0.34,0.42,2.27,10,automatic,hv,hv
2019-11-06T08:41:54.570Z,19.4039993,-155.2646637,0.57,2.22,ml,28,36,0.005871,0.12,hv,hv71218301,2019-11-06T08:47:34.210Z,"4km SW of Volcano, Hawaii",earthquake,0.14,0.12,2.02,13,automatic,hv,hv
2019-11-06T08:37:51.360Z,36.0606667,-82.3861667,4.73,1.59,md,4,180,0.2683,0.11,se,se60093523,2019-11-06T13:12:52.980Z,"8km SSE of Banner Hill, Tennessee",earthquake,0.47,1.19,0.09,4,reviewed,se,se
2019-11-06T08:30:16.860Z,35.8311667,-117.6571667,6.36,1.41,ml,25,84,0.05087,0.18,ci,ci38935303,2019-11-06T08:33:54.415Z,"23km N of Ridgecrest, CA",earthquake,0.25,0.62,0.174,21,automatic,ci,ci
2019-11-06T08:19:46.010Z,35.6255,-117.4375,7.41,0.60,ml,15,129,0.04381,0.21,ci,ci38935295,2019-11-06T15:02:33.122Z,"16km S of Searles Valley, CA",earthquake,0.43,0.77,0.105,7,reviewed,ci,ci
2019-11-06T08:11:03.181Z,60.2665,-150.9767,49.10,2.20,ml,,,,0.5,ak,ak019e8tff0x,2019-11-06T08:24:02.645Z,"21km ESE of Cohoe, Alaska",earthquake,,1.4,,,automatic,ak,ak
2019-11-06T08:06:36.630Z,35.6678333,-117.501,1.50,1.01,ml,22,76,0.0684,0.18,ci,ci38935279,2019-11-06T08:10:14.254Z,"14km SW of Searles Valley, CA",earthquake,0.29,0.48,0.11,12,automatic,ci,ci
2019-11-06T08:01:50.063Z,63.026,-149.1181,68.70,1.80,ml,,,,1.18,ak,ak019e8tddhu,2019-11-06T08:06:47.939Z,"41km SSW of Cantwell, Alaska",earthquake,,0.5,,,automatic,ak,ak
2019-11-06T07:55:06.770Z,33.7205,-116.7486667,15.82,0.37,ml,16,201,0.03023,0.14,ci,ci38935263,2019-11-06T15:02:48.124Z,"4km SW of Idyllwild, CA",earthquake,0.68,0.7,0.258,8,reviewed,ci,ci
2019-11-06T07:51:29.950Z,35.5568333,-117.4476667,7.78,0.93,ml,18,94,0.03188,0.19,ci,ci38935255,2019-11-06T15:03:03.126Z,"22km ESE of Ridgecrest, CA",earthquake,0.35,0.6,0.263,9,reviewed,ci,ci
2019-11-06T07:42:49.620Z,33.5408333,-116.7183333,2.63,0.12,ml,12,103,0.02918,0.1,ci,ci38935247,2019-11-06T15:03:18.458Z,"4km WSW of Anza, CA",earthquake,0.32,0.25,0.132,5,reviewed,ci,ci
2019-11-06T07:41:31.730Z,35.806,-117.624,6.20,0.51,ml,8,105,0.02362,0.08,ci,ci38935239,2019-11-06T07:45:05.097Z,"20km WNW of Searles Valley, CA",earthquake,0.42,0.66,0.093,7,automatic,ci,ci
2019-11-06T07:40:43.270Z,27.259,54.9533,10.00,5.30,mww,,36,2.564,0.95,us,us700063vr,2019-11-06T17:02:37.040Z,"76km SE of Lar, Iran",earthquake,7.4,1.8,0.071,19,reviewed,us,us
2019-11-06T07:38:51.650Z,36.6404991,-121.3065033,9.34,1.53,md,8,111,0.03029,0.13,nc,nc73301270,2019-11-06T09:53:02.857Z,"17km S of Tres Pinos, CA",earthquake,0.76,1.4,0.29,6,automatic,nc,nc
2019-11-06T07:38:01.970Z,17.891,-66.9996,14.00,1.83,md,3,334,0.0902,0.05,pr,pr2019310009,2019-11-06T11:28:46.124Z,"10km SSE of La Parguera, Puerto Rico",earthquake,1.46,0.62,0.21,3,reviewed,pr,pr
2019-11-06T07:36:28.540Z,35.6488333,-117.5025,7.68,0.89,ml,13,123,0.04975,0.15,ci,ci38935231,2019-11-06T15:03:35.854Z,"16km SW of Searles Valley, CA",earthquake,0.46,0.89,0.226,7,reviewed,ci,ci
2019-11-06T07:31:19.580Z,33.536335,-116.7228317,2.74,0.49,ml,13,163,0.03141,0.07,ci,ci38935223,2019-11-06T07:35:01.027Z,"5km WSW of Anza, CA",earthquake,0.52,0.32,0.254,3,automatic,ci,ci
2019-11-06T07:29:03.960Z,35.6445,-117.4735,4.98,0.75,ml,14,128,0.04743,0.19,ci,ci38935215,2019-11-06T15:03:37.895Z,"15km SSW of Searles Valley, CA",earthquake,0.41,0.62,0.098,8,reviewed,ci,ci
2019-11-06T07:28:42.100Z,18.0188,-67.1041,10.00,1.82,md,3,163,0.0135,0.08,pr,pr2019310008,2019-11-06T11:27:57.469Z,"3km SW of Palmarejo, Puerto Rico",earthquake,1.09,0.91,0.23,3,reviewed,pr,pr
2019-11-06T07:28:00.560Z,35.852,-117.6951667,4.77,0.90,ml,14,68,0.07133,0.19,ci,ci38935207,2019-11-06T07:31:48.218Z,"21km ESE of Little Lake, CA",earthquake,0.33,0.75,0.159,12,automatic,ci,ci
2019-11-06T07:26:54.690Z,44.8258333,-111.5551667,11.47,0.60,ml,12,124,0.089,0.15,mb,mb80370994,2019-11-06T16:26:50.460Z,"40km WNW of West Yellowstone, Montana",earthquake,0.84,0.66,0.106,3,reviewed,mb,mb
2019-11-06T07:24:49.870Z,35.7869987,-121.0830002,0.52,2.18,md,39,157,0.2298,0.25,nc,nc73301260,2019-11-06T09:27:04.694Z,"19km NNE of San Simeon, CA",earthquake,0.74,6.52,0.21,22,automatic,nc,nc
2019-11-06T07:20:19.810Z,35.8676667,-117.6881667,6.83,0.25,ml,6,84,0.08574,0.03,ci,ci38935191,2019-11-06T15:04:08.287Z,"21km ESE of Little Lake, CA",earthquake,0.25,1.04,0.038,5,reviewed,ci,ci
2019-11-06T07:13:35.320Z,34.2043333,-116.86,3.60,2.54,ml,111,26,0.07666,0.15,ci,ci38935183,2019-11-06T16:39:51.455Z,"6km SE of Big Bear Lake, CA",earthquake,0.09,0.34,0.134,146,reviewed,ci,ci
2019-11-06T07:06:16.740Z,33.967,-117.1605,14.81,1.21,ml,56,42,0.02207,0.18,ci,ci38935175,2019-11-06T15:05:04.390Z,"8km NE of Moreno Valley, CA",earthquake,0.21,0.43,0.169,28,reviewed,ci,ci
2019-11-06T07:03:29.330Z,36.896,-117.7898,4.30,1.30,ml,23,179.72,0.37,0.22,nn,nn00709707,2019-11-06T07:15:13.079Z,"40km NE of Lone Pine, California",earthquake,,20.3,,,automatic,nn,nn
2019-11-06T06:42:59.410Z,36.7435,-115.8617,0.10,0.20,ml,10,245,0.116,0.29,nn,nn00709706,2019-11-06T07:04:11.662Z,"60km N of Pahrump, Nevada",earthquake,,24.7,,,automatic,nn,nn
2019-11-06T06:40:44.970Z,33.5383333,-116.7248333,2.99,-0.03,ml,10,127,0.02893,0.1,ci,ci38935167,2019-11-06T06:44:28.501Z,"5km WSW of Anza, CA",earthquake,0.29,0.7,0.162,5,automatic,ci,ci
2019-11-06T06:40:44.200Z,48.735,-125.1815,4.92,1.65,ml,8,199,,0.37,uw,uw61558981,2019-11-06T18:21:58.240Z,"35km SE of Ucluelet, Canada",earthquake,1.37,31.2,0.201414682,5,reviewed,uw,uw
2019-11-06T06:40:39.980Z,36.7405,-115.9118,0.00,0.70,ml,17,95.76,0.065,0.3,nn,nn00709704,2019-11-06T06:44:53.034Z,"59km N of Pahrump, Nevada",earthquake,,7.3,,,automatic,nn,nn
2019-11-06T06:38:18.160Z,35.08866667,-97.94383333,7.78,1.06,ml,15,85,0.139472631,0.14,ok,ok2019vtbp,2019-11-06T15:46:23.215Z,"4km N of Chickasha, Oklahoma",earthquake,,0.5,0.16,5,reviewed,ok,ok
2019-11-06T06:32:58.180Z,35.8931667,-117.7221667,7.11,2.00,ml,32,48,0.07986,0.18,ci,ci38935159,2019-11-06T06:43:22.680Z,"17km ESE of Little Lake, CA",earthquake,0.22,0.77,0.181,25,automatic,ci,ci
2019-11-06T06:27:49.520Z,35.5315,-117.4893333,7.23,0.80,ml,18,105,0.05917,0.2,ci,ci38935151,2019-11-06T15:04:55.521Z,"20km ESE of Ridgecrest, CA",earthquake,0.42,0.75,0.142,8,reviewed,ci,ci
2019-11-06T06:20:38.400Z,19.1825,-67.29,10.00,2.48,md,4,323,1.0272,0.66,pr,pr2019310006,2019-11-06T08:05:36.632Z,"79km NNW of San Antonio, Puerto Rico",earthquake,5.3,31.61,0.23,4,reviewed,pr,pr
2019-11-06T06:06:50.130Z,36.1486667,-117.8541667,3.50,0.95,ml,11,184,0.03103,0.12,ci,ci38935143,2019-11-06T06:10:28.679Z,"14km NE of Coso Junction, CA",earthquake,0.53,0.45,0.305,7,automatic,ci,ci
2019-11-06T06:06:11.418Z,62.2864,-149.1,27.90,1.90,ml,,,,0.89,ak,ak019e8s7hvt,2019-11-06T06:10:06.709Z,"41km ENE of Y, Alaska",earthquake,,0.2,,,automatic,ak,ak
2019-11-06T06:06:11.281Z,47.6963,152.4179,120.93,4.80,mb,,160,6.382,0.83,us,us700063vf,2019-11-06T06:50:06.040Z,"294km ESE of Vostok, Russia",earthquake,12,8.9,0.07,63,reviewed,us,us
2019-11-06T05:59:51.860Z,36.7583,-116.2292,1.50,-0.10,ml,6,198.9,0.005,0.12,nn,nn00709696,2019-11-06T06:06:11.315Z,"50km ESE of Beatty, Nevada",earthquake,,1.4,,,automatic,nn,nn
2019-11-06T05:59:50.765Z,16.2108,-97.9736,29.60,5.00,mb,,169,3.307,0.67,us,us700063v5,2019-11-06T17:45:55.206Z,"9km SSW of Santa Maria Huazolotitlan, Mexico",earthquake,10.1,7.6,0.027,419,reviewed,us,us
2019-11-06T05:58:13.500Z,35.7785,-117.609,2.90,0.74,ml,16,111,0.03832,0.2,ci,ci38935127,2019-11-06T06:01:58.023Z,"18km NNE of Ridgecrest, CA",earthquake,0.37,0.46,0.246,8,automatic,ci,ci
2019-11-06T05:47:05.416Z,61.4548,-149.883,34.30,1.50,ml,,,,0.35,ak,ak019e8ruu6l,2019-11-06T05:51:02.472Z,"8km SSE of Big Lake, Alaska",earthquake,,0.5,,,automatic,ak,ak
2019-11-06T05:42:53.080Z,35.861,-117.6728333,8.54,0.61,ml,12,89,0.07606,0.08,ci,ci38935111,2019-11-06T05:46:36.427Z,"23km ESE of Little Lake, CA",earthquake,0.23,0.53,0.145,7,automatic,ci,ci
2019-11-06T05:38:34.609Z,63.4714,-150.9554,2.70,1.50,ml,,,,0.76,ak,ak019e8rsyzp,2019-11-06T05:48:41.521Z,"100km W of Cantwell, Alaska",earthquake,,0.4,,,automatic,ak,ak
2019-11-06T05:29:18.480Z,19.1781673,-155.4575043,35.99,2.26,md,52,121,0.02305,0.1,hv,hv71218146,2019-11-06T05:32:32.410Z,"3km SE of Pahala, Hawaii",earthquake,0.53,0.63,0.13,20,automatic,hv,hv
2019-11-06T05:09:50.110Z,18.978,-67.1613,27.00,2.86,md,11,211,0.513,0.97,pr,pr2019310007,2019-11-06T08:06:18.560Z,"54km NNW of Isabela, Puerto Rico",earthquake,3.66,27.97,0.3,8,reviewed,pr,pr
2019-11-06T04:50:37.420Z,35.8853333,-117.7283333,5.36,0.92,ml,15,60,0.08216,0.12,ci,ci38935087,2019-11-06T15:05:12.858Z,"17km ESE of Little Lake, CA",earthquake,0.23,0.93,0.196,13,reviewed,ci,ci
2019-11-06T04:39:44.750Z,36.7005,-97.66516667,7.19,1.66,ml,72,51,0,0.18,ok,ok2019vsxr,2019-11-06T14:01:07.375Z,"13km SSE of Medford, Oklahoma",earthquake,,0.5,0.19,19,reviewed,ok,ok
2019-11-06T04:38:13.940Z,33.3778333,-116.8966667,17.71,0.90,ml,43,26,0.03734,0.21,ci,ci38935071,2019-11-06T15:06:09.370Z,"4km NW of Palomar Observatory, CA",earthquake,0.24,0.55,0.155,26,reviewed,ci,ci
2019-11-06T04:31:21.090Z,35.7386667,-117.5753333,9.58,1.02,ml,17,128,0.07899,0.16,ci,ci38935063,2019-11-06T15:05:33.362Z,"16km WSW of Searles Valley, CA",earthquake,0.32,0.83,0.183,12,reviewed,ci,ci
2019-11-06T04:30:19.850Z,17.9046,-66.3726,12.00,1.42,md,3,297,0.3023,0.31,pr,pr2019310005,2019-11-06T08:04:33.920Z,"7km SSE of Santa Isabel, Puerto Rico",earthquake,2.029,2.23,0.14,3,reviewed,pr,pr
2019-11-06T04:29:38.410Z,35.3646667,-117.8828333,4.62,1.33,ml,25,67,0.1016,0.18,ci,ci38935047,2019-11-06T15:06:21.420Z,"22km W of Johannesburg, CA",earthquake,0.26,1.01,0.113,27,reviewed,ci,ci
2019-11-06T04:28:17.080Z,35.6745,-117.5633333,7.06,1.17,ml,23,64,0.05256,0.16,ci,ci38935039,2019-11-06T15:06:15.640Z,"12km ENE of Ridgecrest, CA",earthquake,0.27,0.63,0.143,15,reviewed,ci,ci
2019-11-06T04:25:56.130Z,38.809166,-122.8121643,0.52,0.67,md,12,68,0.01323,0.03,nc,nc73301230,2019-11-06T04:42:02.968Z,"6km NW of The Geysers, CA",earthquake,0.23,0.61,0.12,3,automatic,nc,nc
2019-11-06T04:22:56.050Z,35.6448333,-117.472,5.77,2.15,ml,36,54,0.04816,0.15,ci,ci38935023,2019-11-06T04:42:48.584Z,"15km SSW of Searles Valley, CA",earthquake,0.21,0.58,0.172,26,automatic,ci,ci
2019-11-06T04:19:49.290Z,19.2273,-67.16,39.00,2.74,md,6,236,0.7614,0.82,pr,pr2019310004,2019-11-06T08:03:45.608Z,"81km N of Isabela, Puerto Rico",earthquake,5.02,24.1,0.14,2,reviewed,pr,pr
2019-11-06T04:18:52.530Z,35.371,-118.547,2.98,0.94,ml,13,91,0.1303,0.17,ci,ci38935007,2019-11-06T15:05:58.393Z,"25km SSW of Bodfish, CA",earthquake,0.42,1.89,0.174,9,reviewed,ci,ci
2019-11-06T04:13:03.190Z,46.61533333,-119.8481667,7.43,0.46,ml,9,99,,0.09,uw,uw61558921,2019-11-06T17:55:42.000Z,"8km SE of Desert Aire, Washington",earthquake,0.39,0.42,0.111483066,6,reviewed,uw,uw
2019-11-06T04:01:17.780Z,35.6706667,-117.336,1.68,1.08,ml,17,204,0.1328,0.33,ci,ci38934983,2019-11-06T04:04:57.577Z,"11km SSE of Trona, CA",earthquake,1.72,2.81,0.262,12,automatic,ci,ci
2019-11-06T03:58:31.780Z,36.0338333,-117.6306667,0.69,0.85,ml,16,149,0.08723,0.17,ci,ci38934975,2019-11-06T04:02:07.312Z,"27km ENE of Little Lake, CA",earthquake,0.34,0.54,0.074,8,automatic,ci,ci
2019-11-06T03:55:51.620Z,37.3123333,-114.0878333,6.27,1.01,md,9,137,0.2076,0.13,uu,uu60349097,2019-11-06T15:18:56.680Z,"39km WNW of Ivins, Utah",earthquake,0.49,0.79,0.212,6,reviewed,uu,uu
2019-11-06T03:54:55.760Z,35.8098333,-117.6441667,1.61,0.90,ml,22,66,0.03838,0.23,ci,ci38934967,2019-11-06T03:58:41.287Z,"21km N of Ridgecrest, CA",earthquake,0.33,0.58,0.124,10,automatic,ci,ci
2019-11-06T03:53:03.900Z,19.4006672,-155.2660065,-0.84,2.31,ml,29,32,0.002413,0.2,hv,hv71218081,2019-11-06T03:58:44.940Z,"4km SW of Volcano, Hawaii",earthquake,0.16,0.2,0.33,14,automatic,hv,hv
2019-11-06T03:45:27.302Z,62.0068,-149.4765,39.80,1.80,ml,,,,0.63,ak,ak019e8qnl82,2019-11-06T03:53:33.998Z,"26km SE of Y, Alaska",earthquake,,1,,,automatic,ak,ak
2019-11-06T03:30:23.880Z,33.5578333,-116.6625,8.86,0.40,ml,23,47,0.02809,0.11,ci,ci38934943,2019-11-06T15:06:27.416Z,"1km ENE of Anza, CA",earthquake,0.21,0.39,0.212,11,reviewed,ci,ci
2019-11-06T03:28:17.319Z,61.3485,-147.0818,23.60,1.80,ml,,,,0.61,ak,ak019e8qjxab,2019-11-06T03:33:09.527Z,"46km WNW of Valdez, Alaska",earthquake,,0.3,,,automatic,ak,ak
2019-11-06T03:23:07.920Z,38.8271675,-122.8024979,2.17,0.82,md,9,106,0.007015,0.01,nc,nc73301205,2019-11-06T03:38:03.336Z,"7km NW of The Geysers, CA",earthquake,0.4,0.88,0.06,2,automatic,nc,nc
2019-11-06T03:06:00.310Z,45.6193333,-111.7533333,0.77,1.44,ml,13,56,0.09,0.12,mb,mb80370984,2019-11-06T16:12:02.100Z,"34km SSW of Three Forks, Montana",earthquake,0.32,1.15,0.114,9,reviewed,mb,mb
2019-11-06T03:04:17.260Z,35.6323333,-117.4805,8.19,1.66,ml,28,74,0.03412,0.19,ci,ci38934911,2019-11-06T15:07:28.420Z,"16km SSW of Searles Valley, CA",earthquake,0.31,0.59,0.18,25,reviewed,ci,ci
2019-11-06T02:57:38.400Z,33.4355,-116.909,11.18,0.87,ml,32,40,0.09041,0.19,ci,ci38934903,2019-11-06T15:06:44.804Z,"4km W of Aguanga, CA",earthquake,0.23,0.69,0.13,23,reviewed,ci,ci
2019-11-06T02:57:15.370Z,33.1156667,-116.4291667,13.30,0.64,ml,19,67,0.1443,0.24,ci,ci38934895,2019-11-06T03:01:01.468Z,"16km SSW of Borrego Springs, CA",earthquake,0.53,1.16,0.089,9,automatic,ci,ci
2019-11-06T02:53:24.380Z,35.8246667,-117.6558333,3.83,1.85,ml,32,79,0.04823,0.15,ci,ci38934887,2019-11-06T03:04:23.540Z,"23km N of Ridgecrest, CA",earthquake,0.2,0.54,0.154,26,automatic,ci,ci
2019-11-06T02:50:57.980Z,35.5891667,-117.421,5.17,1.21,ml,23,82,0.03369,0.17,ci,ci38934879,2019-11-06T15:07:33.770Z,"20km S of Trona, CA",earthquake,0.33,0.37,0.199,15,reviewed,ci,ci
2019-11-06T02:49:38.170Z,35.889,-117.7401667,6.89,0.67,ml,14,63,0.08274,0.08,ci,ci38934871,2019-11-06T15:07:27.841Z,"16km ESE of Little Lake, CA",earthquake,0.2,0.66,0.21,7,reviewed,ci,ci
2019-11-06T02:49:12.600Z,18.242,-64.3286,36.00,3.15,md,5,353,1.5235,0.51,pr,pr2019310003,2019-11-06T03:55:39.638Z,"36km ESE of Road Town, British Virgin Islands",earthquake,15.4,31.08,0.43,3,reviewed,pr,pr
2019-11-06T02:48:44.260Z,35.8465,-117.738,2.86,0.52,ml,8,128,0.04371,0.2,ci,ci38934863,2019-11-06T02:52:24.397Z,"18km ESE of Little Lake, CA",earthquake,0.52,0.66,0.129,6,automatic,ci,ci
2019-11-06T02:44:23.970Z,19.1678333,-155.4666595,34.95,1.93,md,47,98,0.01308,0.11,hv,hv71218006,2019-11-06T02:47:36.170Z,"4km SSE of Pahala, Hawaii",earthquake,0.51,0.65,0.28,12,automatic,hv,hv
2019-11-06T02:44:05.650Z,36.0623322,-120.6436691,4.17,0.91,md,10,175,0.03901,0.05,nc,nc73301190,2019-11-06T02:55:04.067Z,"24km ENE of San Ardo, CA",earthquake,0.8,1.71,0.19,4,automatic,nc,nc
2019-11-06T02:43:52.490Z,18.6361,-64.9961,55.00,2.67,md,3,342,0.9855,0.09,pr,pr2019310002,2019-11-06T03:55:02.974Z,"33km NNW of Charlotte Amalie, U.S. Virgin Islands",earthquake,4.63,8.28,0.47,2,reviewed,pr,pr
2019-11-06T02:43:20.074Z,60.4975,-143.8809,4.60,1.60,ml,,,,0.72,ak,ak019e8q1pn4,2019-11-06T02:47:40.949Z,"93km WNW of Cape Yakataga, Alaska",earthquake,,0.3,,,automatic,ak,ak
2019-11-06T02:40:05.242Z,61.5058,-146.5424,19.50,1.90,ml,,,,0.75,ak,ak019e8q11ch,2019-11-06T02:45:59.748Z,"43km NNW of Valdez, Alaska",earthquake,,1.2,,,automatic,ak,ak
2019-11-06T02:33:35.599Z,61.4643,-150.0384,41.40,1.30,ml,,,,0.57,ak,ak019e8pzljl,2019-11-06T02:39:07.578Z,"7km SW of Big Lake, Alaska",earthquake,,0.8,,,automatic,ak,ak
2019-11-06T02:33:34.640Z,45.6186667,-111.7391667,3.11,2.09,ml,30,57,0.08,0.15,mb,mb80370979,2019-11-06T16:05:19.550Z,"33km SSW of Three Forks, Montana",earthquake,0.27,0.73,0.197,21,reviewed,mb,mb
2019-11-06T02:32:48.850Z,33.6978333,-116.7106667,16.84,0.64,ml,29,38,0.01362,0.18,ci,ci38934847,2019-11-06T15:07:44.036Z,"5km S of Idyllwild, CA",earthquake,0.31,0.54,0.136,22,reviewed,ci,ci
2019-11-06T02:31:01.930Z,33.4873333,-116.4416667,11.59,0.90,ml,34,75,0.03837,0.2,ci,ci38934839,2019-11-06T15:08:39.250Z,"23km ESE of Anza, CA",earthquake,0.28,0.58,0.156,25,reviewed,ci,ci
2019-11-06T02:28:45.740Z,35.6788333,-117.5541667,6.52,2.22,ml,38,50,0.05796,0.18,ci,ci38934831,2019-11-06T16:15:49.599Z,"13km ENE of Ridgecrest, CA",earthquake,0.22,0.68,0.137,25,automatic,ci,ci
2019-11-06T02:22:23.872Z,25.1063,122.9228,170.75,4.20,mb,,119,0.641,0.74,us,us700063tk,2019-11-06T03:11:17.040Z,"71km N of Yonakuni, Japan",earthquake,8.3,5.8,0.096,30,reviewed,us,us
2019-11-06T02:12:42.466Z,16.2973,-97.9346,28.19,4.50,mb,,200,1.396,0.85,us,us700063td,2019-11-06T03:15:35.103Z,"1km N of Santa Maria Huazolotitlan, Mexico",earthquake,10.3,8.7,0.033,273,reviewed,us,us
2019-11-06T02:12:10.420Z,19.1838341,-155.4341736,35.34,2.06,md,45,154,0.03869,0.12,hv,hv71217951,2019-11-06T02:15:19.240Z,"5km ESE of Pahala, Hawaii",earthquake,0.53,0.65,0.18,7,automatic,hv,hv
2019-11-06T02:04:00.410Z,36.6516685,-121.2663345,4.40,2.35,md,40,67,0.05377,0.07,nc,nc73301175,2019-11-06T05:56:02.420Z,"16km SSE of Tres Pinos, CA",earthquake,0.19,0.85,0.23,37,automatic,nc,nc
2019-11-06T02:03:23.170Z,18.1685,-64.5501,94.00,3.39,md,13,193,1.299,0.88,pr,pr2019310001,2019-11-06T07:20:43.059Z,"28km SSE of Road Town, British Virgin Islands",earthquake,11.81,7.06,0.41,8,reviewed,pr,pr
2019-11-06T02:03:14.300Z,33.2345,-116.1025,9.20,1.52,ml,51,50,0.09584,0.23,ci,ci38934807,2019-11-06T15:08:42.120Z,"10km NNE of Ocotillo Wells, CA",earthquake,0.27,0.97,0.163,26,reviewed,ci,ci
2019-11-06T01:54:58.600Z,33.1235,-116.2566667,9.56,1.66,ml,60,31,0.06904,0.23,ci,ci38934799,2019-11-06T01:58:48.061Z,"12km W of Ocotillo Wells, CA",earthquake,0.24,0.8,0.177,27,automatic,ci,ci
2019-11-06T01:54:43.395Z,63.5621,-152.6812,1.30,2.70,ml,,,,0.69,ak,ak019e8pioy6,2019-11-06T02:59:01.040Z,"161km ENE of McGrath, Alaska",earthquake,,0.3,,,automatic,ak,ak
2019-11-06T01:54:39.050Z,18.8746,-65.0468,29.00,3.16,md,7,340,1.0862,0.43,pr,pr2019310000,2019-11-06T03:53:55.406Z,"60km NNW of Charlotte Amalie, U.S. Virgin Islands",earthquake,5.39,28.48,0.16,6,reviewed,pr,pr
2019-11-06T01:50:17.682Z,59.9949,-141.1682,0.00,1.90,ml,,,,1.12,ak,ak019e8phs5f,2019-11-06T01:53:57.559Z,"70km E of Cape Yakataga, Alaska",earthquake,,1,,,automatic,ak,ak
2019-11-06T01:34:11.850Z,35.882,-117.6923333,7.75,1.57,ml,26,45,0.07406,0.14,ci,ci38934775,2019-11-06T01:44:56.190Z,"20km ESE of Little Lake, CA",earthquake,0.2,0.58,0.25,24,automatic,ci,ci
2019-11-06T01:27:22.774Z,55.9499,-152.2012,10.00,3.40,ml,,258,1.264,0.29,us,us700063t3,2019-11-06T02:54:40.040Z,"203km S of Kodiak Station, Alaska",earthquake,10,2,0.055,44,reviewed,us,us
2019-11-06T01:25:17.070Z,38.8321667,-111.4141667,0.65,1.20,md,5,185,0.05262,0.1,uu,uu60349087,2019-11-06T15:23:36.090Z,"37km SW of Ferron, Utah",earthquake,3.6,5.34,0.078,5,reviewed,uu,uu
2019-11-06T01:20:12.960Z,35.7861667,-117.6108333,2.69,1.71,ml,31,58,0.03143,0.18,ci,ci38934759,2019-11-06T01:30:49.090Z,"19km W of Searles Valley, CA",earthquake,0.23,0.42,0.141,25,automatic,ci,ci
2019-11-06T01:20:00.320Z,35.8286667,-117.7266667,1.69,0.68,ml,9,81,0.03697,0.15,ci,ci38934751,2019-11-06T01:23:45.387Z,"20km SE of Little Lake, CA",earthquake,0.38,0.54,0.201,8,automatic,ci,ci
2019-11-06T01:17:44.380Z,40.3665009,-123.9905014,26.91,1.82,md,11,131,0.06957,0.09,nc,nc73301155,2019-11-06T01:48:02.034Z,"18km SSE of Rio Dell, CA",earthquake,1.28,3.04,0.23,6,automatic,nc,nc
2019-11-06T01:03:10.203Z,61.0295,-150.3206,24.90,1.80,ml,,,,0.63,ak,ak019e8p7ooa,2019-11-06T01:07:24.734Z,"30km SW of Anchorage, Alaska",earthquake,,0.3,,,automatic,ak,ak
2019-11-06T00:46:08.119Z,36.92383333,-98.027,5.37,1.50,ml,54,103,0.061187993,0.28,ok,ok2019vspz,2019-11-06T14:07:24.588Z,"25km S of Anthony, Kansas",earthquake,,0.7,0.21,20,reviewed,ok,ok
2019-11-06T00:42:46.031Z,66.4019,-157.2387,2.50,3.00,ml,,,,0.67,ak,ak019e8ouopi,2019-11-06T02:47:39.040Z,"58km SSW of Kobuk, Alaska",earthquake,,0.7,,,automatic,ak,ak
2019-11-06T00:39:09.364Z,-13.7315,167.8097,10.00,5.80,mww,,52,1.803,1.09,us,us700063sp,2019-11-06T16:02:18.040Z,"32km ENE of Sola, Vanuatu",earthquake,9.1,1.8,0.069,20,reviewed,us,us
2019-11-06T00:27:29.860Z,35.9783333,-117.3401667,4.69,1.27,ml,17,125,0.09865,0.14,ci,ci38934711,2019-11-06T15:08:20.654Z,"24km N of Trona, CA",earthquake,0.36,0.74,0.198,13,reviewed,ci,ci
2019-11-06T00:14:52.510Z,39.5968333,-111.5065,1.81,1.51,ml,22,80,0.2378,0.13,uu,uu60349077,2019-11-06T14:17:10.970Z,"6km WSW of Fairview, Utah",earthquake,0.41,4.42,0.041,4,reviewed,uu,uu
2019-11-06T00:06:16.039Z,36.55716667,-98.94866667,7.00,0.77,ml,12,105,0.06298764,0.15,ok,ok2019vsor,2019-11-06T16:00:02.871Z,"26km ENE of Mooreland, Oklahoma",earthquake,,1.2,0.07,5,reviewed,ok,ok
2019-11-06T00:00:20.900Z,35.6026667,-117.599,3.88,1.33,ml,25,40,0.0311,0.15,ci,ci38934695,2019-11-06T00:04:05.432Z,"7km ESE of Ridgecrest, CA",earthquake,0.2,0.49,0.271,22,automatic,ci,ci
2019-11-05T23:56:38.387Z,36.6807,-116.1814,1.50,-0.10,ml,4,258.96,0.024,0.0107,nn,nn00709673,2019-11-06T02:07:53.453Z,"55km NNW of Pahrump, Nevada",earthquake,,8.4,0.06,2,reviewed,nn,nn